length	count
6	61
7	92
8	119
9	144
10	307
11	903
12	825
13	1029
14	1081
15	1331
16	1534
17	1574
18	1376
19	1229
20	1309
21	1183
22	1205
23	1185
16407	1
24	1074
25	1077
26	1139
27	1165
28	1156
29	1956
30	2079
31	2109
32	2097
33	2195
34	2216
35	2476
36	2515
37	3213
38	3353
39	3284
40	5112
41	5300
42	5193
43	5467
44	5828
45	6407
46	6335
47	6613
48	6641
49	7252
50	7498
51	7903
52	7963
53	8113
54	8328
55	8706
56	8850
57	8988
58	9149
59	11974
60	12987
61	14006
62	13788
63	13981
64	14351
65	14506
66	15376
67	15307
68	15505
69	15787
70	15236
71	15372
72	15300
73	15412
74	15333
75	15279
76	15644
77	15859
78	15728
79	15447
80	15609
81	15595
82	15168
83	15480
84	15899
85	15760
86	15698
87	15700
88	15550
89	16501
90	15949
91	15564
92	15620
93	15783
94	15348
95	15839
96	16204
97	15754
98	15773
99	16350
100	16305
101	16668
102	15777
103	15915
104	16385
105	15811
106	16190
107	16601
108	16422
109	16211
110	16348
111	15690
112	16689
113	16260
114	16239
115	16530
116	16911
117	16701
118	16849
119	17156
120	17183
121	18013
122	17711
123	16739
124	17073
125	17327
126	17394
127	17627
128	17459
129	17506
130	17792
131	17543
132	17855
133	17289
134	17736
135	17468
136	17780
137	17873
138	18023
139	18305
140	18529
141	18634
142	18302
143	18078
144	18575
145	18367
146	17795
16530	1
147	18488
148	18262
149	18784
150	18801
151	18794
152	18195
153	18122
154	18338
155	18307
156	18837
157	18662
158	18360
159	18556
160	18183
161	17840
162	17564
163	17518
164	17418
165	17488
166	17129
167	16960
168	16544
169	16487
170	16194
171	16583
172	16722
173	16544
174	16271
175	16364
176	16351
177	16316
178	16518
179	17141
180	16983
181	16696
182	16960
183	17016
184	17233
185	17464
186	17235
187	17381
188	17122
189	16883
190	16727
191	16972
192	17250
193	17328
194	16902
195	16638
196	16857
197	16880
198	17001
199	17320
200	17465
201	17228
202	16830
203	16782
204	16858
205	17132
206	17422
207	17048
208	17369
209	17427
210	17783
211	16956
212	17527
213	17497
214	16953
215	17070
216	17258
217	17227
218	17502
219	18963
220	16761
221	16610
222	17761
223	16692
224	16872
225	17192
226	16787
227	16626
228	16496
229	17166
230	16840
231	17112
232	17073
233	16654
234	16665
235	16390
236	16077
237	16204
238	16078
239	15925
240	16242
241	16176
242	16048
243	16613
244	16102
245	16817
246	17032
247	17047
248	17702
249	17634
250	17402
251	18000
252	18385
253	18215
254	18185
255	18789
256	18253
257	18441
258	18037
259	17862
260	17741
261	17453
262	17491
263	17217
264	17164
265	16511
266	16289
267	16447
268	16138
269	16209
270	15919
271	16152
272	15657
273	16139
274	15935
275	16990
276	16074
277	15913
278	15742
279	15674
280	15939
281	16032
282	16149
283	16084
284	16071
285	16037
286	16442
287	15975
288	16331
289	16453
290	16775
291	16458
292	16763
293	16847
294	16902
295	16964
296	16768
297	16541
298	16470
299	16638
300	16769
301	16562
302	16426
303	16229
304	16192
305	16039
306	16593
307	16154
308	16746
309	16964
310	16525
311	15881
312	16065
313	16079
314	15786
315	15549
316	15784
317	15493
318	15474
319	15579
320	15230
321	15545
322	15301
323	15578
324	15229
325	15612
326	15697
327	15243
328	15642
329	15440
330	15084
331	15249
332	15264
333	15368
334	15648
335	15023
336	15569
337	15200
338	14784
339	14856
340	14828
341	14410
342	14509
343	14321
344	14055
345	13867
346	14034
347	13599
348	13336
349	13245
350	13297
351	12884
352	12829
353	12800
354	12700
355	12807
356	12670
357	12342
358	12295
359	12409
360	12685
361	12305
362	12338
363	12096
364	12052
365	12263
366	12327
367	12433
368	12119
369	12010
370	11736
371	12008
372	12160
373	11693
374	11963
375	12123
376	11865
377	12039
378	11889
379	12244
380	12033
381	11960
382	12014
383	11596
384	11514
385	11939
386	11564
387	12346
388	12449
389	11583
390	12106
391	12093
392	12346
393	12196
394	12162
395	12290
396	12341
397	12033
398	11839
399	11840
400	12562
401	11948
402	11608
403	11437
404	11865
405	11473
406	11863
407	11081
408	10821
409	10995
33177	1
410	10982
33178	1
411	10550
412	10831
413	10760
414	10513
415	10526
416	11142
417	10876
418	10638
419	11544
420	10623
421	10523
422	10436
423	10575
424	10238
425	10519
426	10683
427	10682
428	10777
429	10410
430	10460
431	10116
432	10141
433	9937
434	10212
435	9585
436	9777
437	9402
438	9532
439	9436
440	9483
441	9413
442	9343
443	9460
444	9281
445	9634
446	9760
447	9978
448	9594
449	9483
450	9659
16834	1
451	9394
452	9594
453	9340
454	9351
455	9264
456	9216
457	9498
458	9158
459	9347
460	8766
461	9111
462	8849
463	9008
464	8508
465	8619
16849	1
466	8718
467	8721
468	8437
469	8500
470	8426
471	8274
472	8511
473	8065
474	8334
475	8297
476	7999
477	8312
16861	1
478	8009
479	7879
480	7796
481	7822
482	7591
483	7784
484	7632
485	7598
33253	1
486	7620
487	7345
488	7418
489	7163
490	7365
491	7044
492	7345
493	7071
494	6925
495	7241
496	7014
497	6947
498	7237
499	7180
500	7168
501	6669
502	6936
503	6660
504	6678
505	6806
506	6923
507	6624
508	6530
509	6658
510	6688
511	6605
512	6848
513	6537
514	6497
515	5985
516	6217
517	6123
518	5856
519	5621
520	5900
521	5521
522	5399
523	5572
524	5552
525	5409
526	5371
527	5484
528	5306
529	5523
530	5428
16914	1
531	5338
532	5343
533	5338
534	5080
535	5307
536	5303
537	4975
538	5331
539	5361
540	5428
541	5546
542	5328
543	5200
544	5050
545	5083
546	5058
547	5255
548	5555
549	5090
550	5153
551	5222
552	5022
553	5340
554	5190
555	5015
556	5131
557	4896
558	4750
559	5157
560	4930
561	4934
562	4573
563	4440
564	4583
565	4679
566	5058
567	4568
568	4289
569	4400
570	4493
571	4409
572	4522
573	4363
574	4443
575	4308
576	4138
577	4576
578	4224
579	4351
580	4319
581	4171
582	3944
583	3878
584	3999
16968	1
585	4074
586	4236
587	4014
588	4148
589	4022
590	3945
591	4022
592	4013
593	4023
594	4006
595	3856
596	4021
597	3799
598	3936
599	3843
600	3914
601	3928
602	3825
603	3679
604	3597
605	3948
606	3534
607	3769
608	3929
609	3618
610	3766
611	3549
612	3533
613	3526
614	3368
615	3608
616	3565
617	3450
33385	1
618	3279
619	3312
620	3322
621	3260
622	3181
623	3419
624	3297
625	3170
626	3247
627	3214
628	3258
629	3429
630	3070
631	3171
632	3177
633	3188
634	3016
635	3186
636	3187
637	3276
638	3169
639	3268
640	3213
641	3213
642	3184
643	3030
644	3207
645	3264
646	3207
647	3145
648	3007
649	2860
650	3025
651	2907
33419	1
652	3027
653	2992
654	2773
655	2820
656	2770
657	2905
658	2862
659	2771
33427	1
660	3046
661	2901
662	2800
663	2774
664	2891
33432	1
665	2662
666	2813
667	2722
668	2638
669	2637
670	2579
671	2696
672	2851
673	2757
674	2667
675	2746
676	2706
677	2672
678	2704
679	2672
680	2756
681	2693
682	2716
683	2594
684	2620
685	2700
686	2756
687	2459
688	2576
689	2687
690	2712
691	2781
692	2683
693	2728
694	2526
695	2610
696	2666
697	2626
698	2594
699	2604
700	2588
701	2601
702	2573
703	2437
704	2413
705	2394
706	2424
707	2380
708	2393
709	2345
710	2264
711	2486
712	2291
713	2415
714	2653
715	2500
716	2808
717	2282
718	2241
719	2443
720	2410
721	2230
722	2072
723	2278
724	2137
725	2191
726	2363
727	2213
728	2202
729	2462
730	2171
731	2189
732	2252
733	2008
734	2122
735	2031
736	2139
737	2013
738	1986
739	2092
740	2140
741	2111
742	2108
743	1985
744	1990
745	2051
746	2049
747	1972
748	1971
749	1958
750	2011
751	1892
752	2072
753	2187
754	2070
755	2048
756	1879
757	2240
758	1960
759	2558
760	1970
761	2021
762	1784
763	1957
764	1928
765	2043
766	1907
767	1741
768	1830
769	1879
770	1867
771	1722
772	1993
773	1935
774	1887
775	1730
776	1832
777	1840
778	1729
779	1821
780	1709
781	1593
782	1765
783	1815
784	1846
785	1747
17169	1
786	1667
787	1935
788	1774
789	1764
790	1904
791	1745
792	1860
793	1721
794	1776
795	1909
796	1874
797	1736
798	1679
799	1683
800	1733
801	1947
802	1852
803	1879
804	2029
805	1782
806	1741
807	1766
808	1668
809	1792
810	1843
811	1701
812	1784
813	1666
814	1837
815	1830
816	1793
817	1635
818	1484
819	1563
820	1668
821	1482
822	1511
823	1637
824	1479
825	1472
826	1479
827	1467
828	1502
829	1467
830	1387
831	1501
832	1442
833	1501
834	1563
835	1316
836	1422
837	1365
838	1418
839	1397
840	1407
841	1414
842	1430
843	1439
844	1380
845	1324
17229	1
846	1371
847	1446
848	1501
849	1257
850	1472
851	1404
852	1430
853	1514
854	1334
855	1349
856	1399
857	1393
858	1380
859	1318
860	1494
17244	1
861	1321
862	1289
863	1323
864	1333
865	1576
866	1290
867	1228
868	1388
17252	1
869	1400
870	1398
871	1287
872	1412
873	1305
874	1336
875	1301
876	1510
877	1395
878	1433
879	1479
880	1273
881	1312
882	1204
883	1331
884	1145
885	1339
886	1225
887	1351
888	1152
889	1207
890	1266
891	1249
892	1152
893	1104
894	1227
895	1130
896	1049
897	1141
898	1089
899	1161
900	1074
901	1232
902	1218
903	994
904	1061
905	1046
906	1143
907	1075
908	1128
909	1081
910	1056
911	1085
912	974
913	999
914	1049
915	1070
17299	1
916	1047
917	1083
918	1075
919	1012
920	1036
921	1128
922	1031
923	1021
924	943
925	1008
926	947
927	1003
928	984
929	992
930	966
931	994
932	1020
933	995
934	949
935	1049
936	968
937	961
938	1041
939	918
940	1043
941	1043
942	990
943	1049
944	1007
945	966
946	1076
947	957
948	1063
949	1038
950	1011
951	1112
952	932
953	907
954	882
955	886
956	902
957	1022
958	952
959	876
960	793
961	907
962	926
963	774
964	811
965	807
966	725
967	773
968	844
969	771
970	797
971	766
972	791
973	756
974	754
975	775
976	702
977	699
978	747
979	738
980	707
981	759
982	729
983	813
984	773
985	705
986	718
987	731
988	724
989	769
990	802
991	748
992	723
993	752
994	697
995	768
996	739
997	706
998	679
999	705
1000	646
1001	691
1002	686
1003	747
1004	705
1005	714
1006	625
1007	711
1008	677
1009	721
1010	668
1011	681
1012	673
1013	676
1014	776
1015	856
1016	705
33784	1
1017	676
1018	867
1019	730
1020	762
1021	722
1022	730
1023	735
1024	832
1025	935
1026	765
1027	740
1028	767
1029	759
1030	879
1031	818
1032	899
1033	788
1034	813
1035	814
1036	838
1037	926
1038	784
1039	851
1040	924
1041	769
1042	741
1043	780
1044	702
1045	809
33813	1
1046	786
1047	881
1048	763
1049	827
1050	724
1051	725
1052	706
33820	1
1053	651
1054	644
1055	703
1056	685
1057	677
1058	673
1059	701
1060	637
1061	707
1062	610
1063	610
1064	582
1065	639
1066	672
1067	672
1068	632
1069	645
1070	682
1071	685
1072	663
1073	632
1074	605
1075	606
1076	617
1077	615
1078	563
1079	623
1080	582
1081	556
1082	561
1083	567
1084	581
1085	550
1086	610
1087	524
1088	639
1089	556
1090	513
33858	1
1091	626
1092	556
1093	639
1094	503
1095	571
1096	543
1097	539
1098	517
1099	523
1100	527
1101	528
1102	563
1103	464
1104	498
1105	538
1106	531
33874	1
1107	558
1108	578
1109	522
1110	476
1111	553
1112	484
1113	507
1114	464
1115	543
1116	540
1117	496
1118	449
1119	457
1120	553
1121	488
1122	524
1123	541
1124	514
1125	512
1126	466
1127	464
1128	460
1129	515
1130	482
1131	502
1132	514
1133	497
1134	479
1135	472
1136	455
1137	486
1138	474
1139	463
1140	441
1141	427
1142	444
1143	441
1144	474
1145	427
1146	518
1147	467
1148	636
1149	506
1150	509
1151	459
1152	453
1153	507
1154	519
1155	506
1156	455
1157	568
1158	501
1159	571
1160	535
1161	512
1162	473
1163	462
1164	470
1165	510
1166	447
1167	438
1168	504
1169	451
1170	521
1171	528
1172	479
1173	458
33941	1
1174	579
1175	459
1176	443
1177	467
1178	452
1179	509
1180	510
1181	482
1182	387
1183	400
1184	428
1185	456
1186	503
1187	444
1188	441
1189	454
1190	408
1191	372
1192	409
1193	437
1194	372
1195	374
1196	389
1197	488
1198	384
1199	356
1200	392
1201	452
1202	357
1203	390
1204	397
1205	369
1206	380
1207	371
1208	374
1209	367
1210	375
1211	413
1212	366
1213	369
1214	370
1215	376
1216	391
1217	453
1218	389
1219	368
1220	333
1221	362
1222	355
1223	333
1224	390
1225	340
1226	414
1227	500
1228	328
1229	396
1230	386
1231	315
1232	344
1233	330
1234	349
1235	348
1236	315
1237	321
1238	342
1239	341
1240	319
1241	367
1242	298
1243	343
1244	352
1245	337
1246	447
1247	444
1248	341
1249	314
1250	330
1251	300
1252	317
1253	355
1254	357
1255	350
1256	358
1257	381
1258	383
1259	398
1260	321
1261	333
1262	282
34030	1
1263	269
1264	339
1265	352
1266	434
1267	487
1268	1445
1269	990
1270	2278
1271	2632
1272	400
1273	2164
1274	321
1275	304
1276	310
1277	275
1278	252
1279	269
1280	270
1281	288
1282	263
1283	270
1284	262
1285	293
1286	291
1287	280
1288	250
1289	283
1290	296
1291	320
1292	269
1293	351
1294	365
1295	405
1296	288
1297	288
1298	259
1299	263
1300	394
1301	254
1302	287
1303	282
1304	245
1305	224
1306	233
1307	252
1308	227
1309	219
1310	256
1311	250
1312	265
1313	244
1314	252
1315	223
1316	249
1317	253
1318	233
1319	238
1320	410
1321	226
1322	224
1323	209
1324	238
1325	217
1326	244
1327	238
34095	1
1328	256
1329	267
1330	224
1331	219
1332	232
1333	204
1334	251
1335	225
1336	231
1337	216
17721	1
1338	219
1339	202
1340	203
1341	197
1342	290
1343	203
1344	205
1345	239
1346	190
1347	200
1348	218
1349	224
1350	230
1351	228
1352	217
1353	242
1354	201
1355	267
1356	186
1357	210
1358	220
1359	214
1360	213
1361	205
1362	195
1363	200
1364	207
1365	191
1366	200
1367	200
17751	1
1368	210
1369	212
1370	198
1371	199
1372	196
1373	208
1374	200
1375	220
1376	176
1377	194
1378	215
1379	158
1380	188
1381	213
1382	185
1383	199
1384	200
1385	182
1386	207
1387	158
1388	174
1389	185
1390	187
1391	182
1392	187
1393	182
1394	182
1395	183
1396	197
1397	187
1398	176
1399	246
1400	193
1401	192
1402	180
1403	184
1404	190
1405	172
1406	170
1407	235
1408	170
1409	162
1410	204
1411	211
1412	157
1413	175
1414	136
1415	206
1416	174
1417	262
1418	187
1419	159
1420	179
1421	187
1422	165
1423	165
1424	157
1425	164
1426	184
1427	193
1428	187
1429	184
1430	174
1431	173
1432	154
1433	166
1434	182
1435	165
1436	222
1437	201
1438	172
1439	169
1440	168
1441	162
1442	180
1443	155
1444	178
1445	158
1446	165
1447	159
1448	167
1449	166
1450	180
1451	135
1452	180
34220	1
1453	155
1454	152
1455	150
1456	167
1457	138
1458	160
1459	130
1460	186
1461	162
1462	160
1463	160
1464	240
1465	157
1466	165
1467	138
1468	139
1469	151
1470	131
1471	134
1472	162
1473	175
1474	181
1475	190
1476	172
1477	136
1478	168
1479	181
1480	169
1481	195
1482	197
1483	149
17867	1
1484	172
1485	163
1486	324
1487	196
1488	207
1489	154
1490	151
1491	160
1492	145
1493	150
1494	152
1495	148
1496	185
1497	135
1498	156
1499	192
1500	151
1501	173
1502	158
1503	159
1504	197
1505	179
1506	164
1507	167
1508	144
1509	199
1510	153
1511	139
1512	178
1513	167
1514	190
1515	145
1516	163
1517	198
1518	166
1519	147
1520	157
1521	154
1522	162
1523	173
1524	158
1525	153
1526	158
1527	140
1528	139
1529	132
1530	172
1531	137
1532	134
1533	124
1534	157
1535	141
1536	142
1537	120
1538	243
1539	121
1540	104
1541	129
1542	116
1543	124
1544	127
1545	138
1546	136
1547	104
1548	121
34316	1
1549	146
1550	110
1551	118
1552	120
1553	106
1554	103
1555	99
1556	136
1557	118
1558	123
1559	113
1560	141
1561	120
1562	127
1563	121
1564	126
1565	118
1566	119
17950	1
1567	109
1568	80
1569	127
1570	121
1571	114
1572	108
1573	102
1574	106
1575	131
1576	110
1577	125
1578	109
1579	134
1580	116
1581	130
1582	131
1583	108
1584	93
1585	100
1586	111
1587	123
1588	98
1589	100
1590	103
1591	108
1592	92
1593	124
1594	98
1595	115
1596	105
1597	122
1598	108
1599	123
1600	103
1601	110
1602	104
1603	100
1604	110
1605	97
1606	102
1607	108
1608	103
1609	90
1610	102
1611	102
1612	137
1613	119
1614	103
1615	102
1616	149
1617	93
1618	102
1619	83
1620	141
1621	103
1622	111
1623	99
1624	92
1625	111
1626	106
1627	102
1628	112
1629	113
1630	91
1631	109
1632	111
1633	89
1634	107
1635	115
1636	91
1637	96
1638	93
1639	86
1640	113
1641	104
1642	94
1643	87
1644	178
1645	100
1646	122
1647	96
1648	105
1649	140
1650	128
1651	78
1652	102
1653	192
1654	83
1655	91
1656	101
1657	77
1658	93
1659	91
1660	95
1661	91
1662	87
1663	72
1664	88
1665	93
1666	75
1667	89
1668	79
1669	82
1670	89
1671	84
1672	82
1673	91
1674	94
1675	92
1676	78
1677	82
1678	76
1679	99
1680	68
1681	81
1682	108
1683	92
1684	81
1685	89
1686	93
1687	103
1688	90
1689	73
1690	81
1691	74
1692	72
1693	88
1694	106
1695	63
1696	82
1697	81
1698	95
1699	113
1700	91
1701	75
1702	96
1703	73
1704	77
1705	98
1706	72
1707	91
1708	92
1709	84
1710	78
18095	1
1711	90
1712	104
1713	66
1714	75
1715	85
1716	91
1717	68
1718	75
1719	71
1720	73
1721	70
1722	65
1723	78
1724	82
1725	67
1726	88
1727	88
1728	60
1729	65
1730	77
1731	82
1732	71
1733	80
1734	85
1735	83
1736	64
1737	69
1738	78
1739	80
1740	62
1741	89
1742	79
1743	87
1744	75
1745	92
1746	105
1747	71
1748	62
1749	65
1750	97
1751	92
1752	95
1753	97
1754	75
1755	65
1756	239
1757	76
1758	69
1759	92
1760	72
1761	80
1762	73
1763	68
1764	76
1765	83
1766	65
1767	106
1768	67
1769	78
1770	86
1771	66
1772	67
1773	86
1774	73
1775	70
1776	65
1777	65
1778	77
1779	70
1780	83
1781	76
1782	62
1783	78
1784	65
1785	71
1786	73
1787	92
1788	81
1789	65
1790	64
1791	75
1792	70
1793	76
1794	76
1795	71
1796	68
1797	71
1798	61
1799	83
1800	71
1801	68
1802	80
1803	77
1804	67
1805	64
1806	128
1807	75
1808	61
1809	83
1810	72
1811	65
1812	66
1813	56
1814	68
1815	74
1816	70
1817	76
1818	66
1819	72
1820	80
1821	74
1822	85
1823	78
1824	64
1825	81
1826	66
1827	83
1828	78
1829	75
1830	70
1831	68
1832	60
1833	70
1834	48
1835	67
1836	62
1837	74
1838	65
1839	68
1840	67
1841	69
1842	64
1843	71
1844	76
1845	63
1846	68
1847	58
1848	56
1849	83
1850	75
18234	1
1851	67
1852	69
1853	66
1854	61
1855	68
1856	64
1857	68
1858	55
1859	48
1860	78
1861	102
1862	72
1863	68
1864	52
1865	92
1866	67
1867	82
1868	66
1869	56
1870	37
1871	67
1872	56
1873	54
1874	73
1875	57
1876	66
1877	68
1878	59
1879	55
1880	66
1881	62
1882	60
1883	60
1884	57
1885	60
1886	60
1887	59
1888	56
1889	67
1890	61
1891	59
1892	69
1893	67
1894	58
1895	64
1896	59
1897	53
1898	68
1899	64
1900	59
1901	67
1902	62
1903	65
1904	51
1905	51
1906	74
1907	44
1908	64
1909	66
1910	44
1911	76
1912	70
1913	56
1914	63
1915	68
1916	49
1917	61
1918	46
1919	47
1920	49
1921	50
1922	56
1923	54
1924	62
1925	59
1926	51
1927	68
1928	69
1929	64
1930	51
1931	73
1932	51
1933	59
1934	57
1935	71
1936	53
1937	79
1938	70
1939	76
1940	82
1941	67
1942	50
1943	66
1944	63
1945	71
1946	66
1947	55
1948	63
1949	67
1950	67
1951	58
1952	59
1953	65
1954	61
1955	55
1956	52
1957	59
1958	59
34726	1
1959	73
1960	73
1961	60
1962	62
1963	65
1964	53
1965	69
1966	66
1967	62
1968	58
1969	52
1970	50
1971	58
1972	58
1973	57
1974	47
1975	37
1976	68
1977	53
1978	60
1979	55
1980	66
1981	59
1982	49
1983	50
1984	42
1985	48
1986	63
1987	66
1988	52
34756	1
1989	54
1990	53
1991	64
1992	57
1993	60
1994	50
1995	44
1996	40
1997	40
1998	46
1999	31
2000	54
2001	48
2002	50
2003	44
2004	51
2005	51
2006	56
2007	50
2008	46
2009	52
2010	53
2011	53
2012	45
2013	49
2014	49
2015	38
2016	38
2017	60
2018	56
2019	60
2020	55
2021	52
2022	42
2023	45
2024	44
2025	60
2026	59
2027	46
2028	41
2029	51
2030	40
2031	57
2032	58
2033	55
2034	47
2035	108
2036	47
2037	49
2038	55
2039	51
2040	53
2041	35
2042	42
2043	39
2044	42
2045	52
2046	42
2047	54
2048	35
2049	38
2050	62
2051	43
2052	43
2053	36
2054	43
2055	46
2056	47
2057	55
2058	52
2059	45
2060	39
2061	39
2062	47
2063	47
2064	46
2065	38
2066	86
2067	39
2068	43
2069	51
2070	44
2071	44
2072	33
2073	55
2074	47
2075	57
2076	44
2077	46
2078	40
2079	43
2080	41
2081	39
2082	59
2083	49
2084	56
2085	28
2086	45
2087	36
2088	46
2089	56
2090	38
2091	32
2092	56
2093	44
2094	51
2095	53
2096	42
2097	44
2098	81
2099	50
2100	49
2101	54
2102	55
2103	39
2104	61
2105	33
2106	46
2107	45
2108	54
2109	35
2110	41
2111	37
2112	38
2113	57
2114	45
2115	30
2116	43
2117	49
2118	41
2119	43
2120	39
2121	42
2122	29
2123	38
2124	56
2125	73
2126	41
2127	59
2128	37
2129	39
2130	44
2131	37
2132	29
2133	35
2134	35
2135	34
2136	52
2137	39
2138	51
2139	47
2140	34
2141	41
2142	44
2143	50
2144	53
2145	45
2146	32
2147	29
2148	34
2149	40
2150	35
2151	44
2152	41
2153	35
2154	34
2155	45
2156	62
2157	29
2158	39
2159	34
2160	39
2161	47
2162	37
2163	45
2164	36
2165	64
2166	55
2167	40
2168	36
2169	44
2170	34
2171	39
2172	27
2173	48
2174	41
2175	41
2176	39
2177	38
2178	39
2179	38
2180	49
2181	49
2182	49
2183	46
2184	26
2185	55
2186	76
2187	33
2188	37
2189	64
18573	1
2190	35
2191	34
2192	34
2193	56
2194	32
2195	43
2196	36
2197	39
2198	22
2199	39
2200	33
2201	41
2202	36
2203	35
2204	44
2205	37
2206	34
2207	40
2208	18
2209	36
2210	26
2211	32
2212	39
2213	32
2214	39
2215	33
2216	24
2217	25
2218	32
2219	34
2220	29
2221	35
2222	40
2223	41
2224	49
2225	41
2226	31
2227	34
2228	35
2229	23
2230	35
2231	36
2232	32
2233	81
2234	37
2235	32
2236	30
2237	29
2238	22
2239	26
2240	46
2241	26
2242	24
2243	25
2244	23
2245	43
2246	31
2247	29
2248	33
2249	32
2250	25
2251	18
2252	29
2253	21
2254	31
2255	87
2256	33
2257	24
2258	20
2259	27
2260	30
2261	42
2262	46
2263	33
2264	26
2265	29
2266	36
2267	30
2268	23
2269	38
2270	25
2271	44
2272	30
2273	42
2274	34
2275	34
2276	32
2277	29
2278	24
2279	34
2280	31
2281	37
2282	37
18666	1
2283	24
2284	27
2285	36
2286	31
2287	25
2288	24
2289	29
2290	25
2291	21
2292	25
2293	34
2294	32
2295	30
2296	31
2297	28
2298	30
2299	23
2300	27
2301	30
2302	19
2303	28
2304	33
2305	27
2306	36
2307	26
2308	30
2309	18
2310	26
2311	20
2312	22
2313	30
2314	36
2315	22
2316	27
2317	18
2318	27
2319	15
2320	22
2321	36
2322	26
2323	22
2324	29
2325	19
2326	27
2327	19
2328	20
2329	21
2330	27
2331	31
2332	43
2333	28
2334	32
2335	41
2336	30
2337	14
2338	41
2339	22
2340	21
2341	30
2342	28
2343	30
2344	32
2345	18
2346	34
2347	32
2348	27
2349	21
2350	21
2351	23
2352	42
2353	17
2354	26
2355	34
2356	49
2357	24
2358	43
2359	20
2360	28
2361	23
2362	26
2363	29
2364	14
2365	29
2366	23
2367	21
2368	33
2369	35
2370	27
2371	25
2372	29
2373	23
2374	27
2375	31
2376	29
2377	29
2378	22
2379	22
2380	25
2381	25
2382	30
2383	28
2384	24
2385	47
2386	28
35154	1
2387	24
2388	34
2389	22
2390	28
2391	84
2392	34
2393	30
2394	24
2395	34
2396	26
2397	30
2398	27
2399	19
2400	16
2401	27
2402	22
2403	17
2404	25
2405	24
2406	23
2407	18
2408	25
2409	17
2410	24
2411	28
2412	19
2413	24
2414	27
2415	18
2416	26
2417	19
2418	26
2419	28
35187	1
2420	30
2421	34
2422	24
2423	33
2424	20
2425	28
2426	34
2427	28
2428	27
2429	23
2430	23
2431	25
2432	24
2433	32
2434	35
2435	51
2436	30
2437	30
2438	42
2439	19
2440	31
2441	24
2442	27
2443	29
2444	20
2445	14
2446	22
2447	27
2448	19
2449	17
2450	22
2451	28
2452	28
2453	15
2454	23
2455	26
2456	20
2457	23
2458	22
2459	26
2460	18
2461	26
2462	14
2463	31
2464	17
2465	19
2466	15
2467	22
2468	24
2469	25
2470	32
2471	36
2472	37
2473	21
2474	31
2475	15
2476	30
2477	32
2478	35
2479	18
2480	25
2481	39
2482	25
2483	23
2484	27
2485	21
2486	27
2487	24
2488	27
2489	28
2490	32
2491	21
2492	19
2493	29
2494	18
2495	22
2496	18
2497	17
2498	19
2499	20
2500	22
2501	22
2502	23
2503	24
2504	19
2505	15
2506	19
2507	22
2508	21
2509	23
2510	24
2511	20
2512	30
2513	22
2514	27
2515	23
2516	25
2517	26
2518	23
2519	25
2520	24
2521	17
2522	16
2523	25
2524	24
2525	24
2526	21
2527	22
2528	23
2529	19
2530	18
2531	17
2532	16
2533	21
2534	17
2535	25
2536	11
2537	21
2538	11
2539	31
2540	16
2541	23
2542	25
2543	24
2544	26
2545	21
2546	21
2547	26
2548	18
2549	20
2550	22
2551	17
2552	23
2553	14
2554	23
2555	22
2556	14
2557	14
2558	15
2559	23
2560	22
2561	22
2562	30
2563	21
2564	23
2565	20
2566	15
2567	20
2568	17
2569	13
2570	15
2571	14
2572	25
2573	20
2574	11
2575	25
2576	21
2577	18
2578	15
2579	15
2580	22
2581	11
2582	17
2583	14
2584	12
2585	19
2586	17
2587	23
2588	18
2589	24
2590	22
2591	24
2592	18
2593	21
2594	20
2595	17
2596	22
2597	20
2598	19
2599	19
2600	20
2601	19
2602	17
2603	16
2604	8
2605	22
2606	19
2607	11
2608	15
2609	16
2610	17
2611	26
2612	21
2613	23
2614	15
2615	25
2616	20
2617	21
2618	13
2619	15
2620	10
2621	12
2622	13
2623	16
2624	15
2625	16
2626	21
2627	19
2628	27
2629	12
2630	19
2631	12
2632	19
2633	22
2634	12
2635	15
2636	16
2637	25
2638	14
2639	25
2640	16
2641	18
2642	15
2643	16
2644	12
2645	18
2646	14
2647	14
2648	10
2649	16
2650	12
2651	10
2652	13
2653	16
2654	8
2655	13
2656	14
2657	13
2658	8
2659	8
2660	30
2661	22
2662	9
2663	17
2664	12
2665	18
2666	23
2667	12
2668	21
2669	16
2670	12
2671	15
2672	18
2673	20
2674	21
2675	16
2676	17
2677	15
2678	13
2679	20
2680	20
2681	14
2682	18
2683	22
2684	15
2685	7
2686	6
2687	13
2688	12
2689	16
2690	13
2691	17
2692	13
2693	17
2694	15
2695	21
2696	12
2697	9
2698	13
2699	21
2700	15
2701	17
2702	11
2703	10
2704	13
2705	20
2706	21
2707	16
2708	17
2709	12
2710	15
2711	15
2712	12
2713	22
2714	20
2715	12
2716	12
2717	10
2718	16
2719	12
2720	16
2721	10
2722	15
2723	12
2724	16
2725	17
2726	13
2727	15
2728	12
2729	20
2730	15
2731	26
2732	28
2733	16
2734	13
2735	12
2736	13
2737	17
2738	14
2739	17
2740	12
2741	19
2742	11
2743	15
2744	13
2745	15
2746	14
2747	17
2748	11
2749	14
2750	11
2751	12
2752	12
2753	10
2754	11
2755	7
2756	11
2757	16
2758	15
2759	13
2760	12
2761	12
2762	11
2763	18
2764	13
2765	17
2766	11
2767	6
2768	21
2769	7
2770	18
2771	19
2772	13
2773	23
2774	12
2775	14
2776	14
2777	12
2778	12
2779	9
2780	11
2781	9
2782	12
2783	13
2784	15
2785	11
2786	15
2787	13
2788	11
2789	12
2790	15
2791	9
2792	21
2793	17
2794	18
2795	16
2796	11
2797	4
2798	12
2799	13
2800	26
2801	6
2802	11
2803	5
2804	12
2805	24
2806	15
2807	10
2808	12
2809	14
2810	12
2811	14
2812	13
2813	17
2814	11
2815	16
2816	11
2817	11
2818	11
2819	12
2820	10
2821	6
2822	11
2823	7
2824	9
2825	9
2826	14
2827	12
2828	8
2829	18
2830	11
2831	11
2832	12
2833	18
2834	4
2835	9
2836	25
2837	21
2838	13
2839	26
2840	17
2841	19
2842	14
2843	6
2844	15
2845	12
2846	10
2847	8
2848	11
2849	10
2850	12
2851	9
2852	10
2853	13
2854	7
2855	20
2856	12
2857	15
2858	10
2859	15
2860	36
2861	7
2862	15
2863	16
2864	11
2865	15
2866	11
2867	13
2868	16
2869	12
2870	13
2871	8
2872	6
2873	9
2874	12
2875	17
2876	15
2877	13
2878	9
2879	14
2880	20
2881	10
2882	14
2883	12
2884	16
2885	15
2886	8
2887	14
2888	16
2889	15
2890	36
2891	8
2892	9
2893	15
2894	10
2895	20
2896	9
2897	14
2898	12
2899	12
2900	12
2901	12
2902	19
2903	17
2904	11
2905	14
2906	15
2907	9
2908	10
2909	11
2910	4
2911	16
2912	11
2913	6
2914	10
2915	8
2916	14
2917	8
2918	10
2919	10
2920	10
2921	11
2922	11
2923	9
2924	6
2925	10
2926	8
2927	13
2928	11
2929	8
2930	7
2931	7
2932	8
2933	7
2934	16
2935	9
2936	9
2937	10
2938	15
2939	14
2940	8
2941	9
2942	5
2943	6
2944	9
2945	9
2946	7
2947	8
2948	5
2949	8
2950	11
2951	6
2952	12
2953	7
2954	7
2955	10
2956	10
2957	14
2958	14
2959	11
2960	4
2961	10
2962	12
2963	11
2964	8
2965	12
2966	8
2967	12
2968	10
2969	9
2970	7
2971	9
2972	9
2973	11
2974	8
2975	8
2976	8
2977	10
2978	16
2979	17
2980	10
2981	16
2982	7
2983	9
2984	8
2985	13
2986	16
2987	20
2988	9
2989	11
2990	12
2991	8
2992	7
2993	12
2994	13
2995	13
2996	12
2997	8
2998	9
2999	20
3000	14
3001	12
3002	11
3003	9
3004	9
3005	9
3006	9
3007	16
3008	10
3009	12
3010	15
3011	24
3012	12
3013	13
3014	15
3015	13
3016	10
3017	6
3018	12
3019	12
3020	11
3021	22
3022	7
3023	13
3024	8
3025	9
3026	15
3027	9
3028	11
3029	10
3030	13
3031	12
3032	11
3033	12
3034	9
3035	6
3036	11
3037	13
3038	14
3039	12
3040	6
3041	10
3042	6
3043	10
3044	12
3045	8
3046	9
3047	7
3048	14
3049	8
3050	9
3051	14
3052	7
3053	8
3054	10
3055	12
3056	18
3057	16
3058	9
3059	13
3060	11
3061	15
3062	7
3063	8
3064	7
3065	13
3066	13
3067	12
3068	10
3069	15
3070	9
3071	14
3072	13
3073	16
3074	16
3075	10
3076	11
3077	7
3078	11
3079	16
3080	12
3081	12
3082	12
3083	13
3084	11
3085	18
3086	10
3087	12
3088	13
3089	6
3090	6
3091	6
3092	17
3093	12
3094	9
3095	12
3096	9
3097	13
3098	10
3099	6
3100	13
3101	8
3102	14
3103	9
3104	9
3105	10
3106	12
3107	11
3108	13
3109	13
3110	14
3111	7
3112	14
3113	11
3114	11
3115	13
3116	14
3117	9
3118	10
3119	7
3120	15
3121	9
3122	9
3123	8
3124	9
3125	9
3126	7
3127	4
3128	9
3129	5
3130	7
3131	8
3132	14
3133	11
3134	5
3135	5
3136	11
3137	8
3138	5
3139	8
3140	13
3141	10
3142	2
3143	9
3144	14
3145	13
3146	7
3147	6
3148	5
3149	8
3150	14
3151	9
3152	7
3153	6
3154	13
3155	12
3156	9
3157	10
3158	9
3159	8
3160	8
3161	15
3162	12
3163	84
3164	18
3165	8
3166	19
3167	6
3168	22
3169	12
3170	7
3171	14
3172	18
3173	4
3174	7
3175	3
3176	10
3177	7
3178	6
3179	5
3180	14
3181	6
3182	10
3183	4
3184	11
3185	7
3186	10
3187	11
3188	14
3189	13
3190	11
3191	6
3192	18
3193	13
3194	22
3195	7
3196	5
3197	7
3198	5
3199	12
3200	5
3201	11
3202	10
3203	11
19587	1
3204	7
3205	8
3206	15
3207	14
3208	10
3209	11
3210	16
3211	4
3212	7
3213	6
3214	7
19598	1
3215	6
3216	20
3217	8
3218	8
3219	11
3220	8
3221	6
3222	12
3223	28
3224	9
3225	6
3226	11
3227	4
3228	7
3229	11
3230	10
3231	5
3232	9
3233	7
3234	7
3235	13
3236	2
3237	6
3238	8
3239	11
3240	7
3241	9
3242	6
3243	8
3244	4
3245	5
3246	5
3247	5
3248	4
3249	8
3250	7
3251	7
3252	2
3253	9
3254	6
3255	7
3256	2
3257	9
3258	11
3259	5
3260	4
3261	9
3262	4
3263	10
3264	7
3265	2
3266	7
3267	4
3268	9
3269	7
3270	11
3271	9
3272	8
3273	7
3274	5
3275	11
3276	8
3277	5
3278	5
3279	1
3280	2
3281	8
3282	8
3283	4
3284	10
3285	6
3286	7
3287	5
3288	5
3289	3
3290	3
3291	8
3292	6
3293	6
3294	3
3295	13
3296	5
3297	5
3298	11
3299	3
3300	5
3301	5
3302	4
3303	6
3304	7
3305	7
3306	5
3307	7
3308	5
3309	3
3310	6
3311	9
3312	3
3313	6
3314	5
3315	7
3316	6
3317	8
3318	7
3319	6
3320	4
3321	6
3322	10
3323	6
3324	7
3325	4
3326	9
3327	2
3328	5
3329	10
3330	5
3331	5
3332	9
3333	8
3334	7
3335	2
3336	9
3337	11
3338	6
3339	9
3340	2
3341	4
3342	12
3343	6
3344	4
3345	8
3346	7
3347	3
3348	5
3349	5
3350	4
3351	2
3352	5
3353	7
3354	3
3355	11
3356	4
3357	7
3358	3
3359	4
3360	4
3361	2
3362	7
3363	5
3364	6
3365	7
3366	5
3367	4
3368	2
3369	7
3370	4
3371	9
3372	3
3373	5
3374	8
3375	3
3376	4
3377	5
3378	2
3379	7
3380	12
3381	3
3382	3
3383	10
3384	5
3385	5
3386	3
3387	10
3388	10
3389	6
3390	33
3391	30
3392	40
3393	2
3394	5
3395	6
3396	6
3397	6
3398	6
3399	6
3400	8
3401	7
3402	5
3403	5
3404	5
3405	5
3406	3
3407	2
3408	2
3409	4
3410	2
3411	4
3412	5
3413	5
3414	11
3415	13
3416	12
3417	7
3418	6
3419	5
3420	5
3421	4
3422	6
3423	14
3424	5
3425	10
3426	9
3427	7
3428	8
3429	7
3430	8
3431	6
3432	15
3433	28
3434	11
3435	5
3436	5
3437	7
3438	6
3439	5
3440	4
3441	3
3442	6
3443	8
3444	7
3445	3
3446	5
3447	3
3448	5
3449	8
3450	7
3451	1
3452	6
3453	4
3454	7
3455	5
3456	3
3457	5
3458	10
3459	4
3460	10
3461	2
3462	1
3463	4
3464	3
3465	3
3466	8
3467	4
3468	5
3469	6
3470	8
3471	7
3472	2
3473	3
3474	5
3475	5
3476	8
3477	7
3478	3
3479	3
3480	4
3481	12
3482	4
3483	4
3484	5
3485	3
3486	3
3487	8
3488	2
3489	4
3490	8
3491	3
3492	5
3493	8
3494	4
3495	4
3496	2
3497	4
3498	7
3499	5
3500	2
3501	7
3502	4
3503	5
3504	3
3505	5
3506	4
3507	10
3508	2
3509	2
3510	13
3511	9
3512	6
3513	6
3514	10
3515	6
3516	5
3517	3
3518	5
3519	7
3520	6
3521	5
3522	3
3523	7
3524	5
3525	6
3526	4
3527	6
3528	3
3529	7
3530	2
3531	7
3532	3
3533	2
3534	2
3535	12
3536	3
3537	7
3538	1
3539	3
3540	7
3541	7
3542	3
3543	14
3544	10
3545	6
3546	10
3547	6
3548	5
3549	9
3550	2
3551	6
3552	9
3553	8
3554	5
3555	6
3556	12
3557	11
3558	7
3559	7
3560	4
3561	9
3562	8
3563	6
3564	11
3565	8
3566	7
3567	8
3568	16
3569	10
3570	7
3571	5
3572	6
3573	1
3574	4
3575	4
3576	5
3577	6
3578	4
3579	4
3580	3
3581	4
3582	7
3583	3
3584	12
3585	10
3586	7
3587	12
3588	4
3589	9
3590	6
3591	6
3592	2
3593	5
3594	9
3595	5
3596	13
3597	4
3598	6
3599	4
3600	5
3601	8
3602	5
3603	5
3604	6
3605	1
3606	7
3607	5
3608	12
3609	4
3610	5
3611	3
3612	10
3613	6
3614	4
3615	4
3616	9
3617	4
3618	8
3619	7
3620	5
3621	2
3622	2
3623	6
3624	6
3625	8
3626	5
3627	8
3628	7
3629	2
3630	9
3631	8
3632	3
3633	10
3634	14
3635	17
3636	7
3637	5
3638	5
3639	3
3640	3
3641	10
3642	10
3643	8
3644	5
3645	2
3646	11
3647	7
3648	6
3649	7
3650	8
3651	7
3652	6
3653	5
3654	7
3655	4
3656	2
3657	3
3658	3
3659	7
3660	7
3661	5
3662	8
3663	6
3664	4
3665	3
3666	7
3667	3
3668	1
3669	6
3670	10
3671	6
3672	2
3674	2
3675	3
3676	8
3677	4
3678	5
3679	6
3680	4
3681	3
3682	7
3683	6
3684	3
3685	2
3686	3
3687	4
3688	6
3689	5
3690	4
3691	8
3692	11
3693	4
3694	8
3695	4
3696	5
3697	2
3698	4
3699	5
3700	3
3701	2
3702	5
3703	9
3704	5
3705	9
3706	5
3707	6
3708	6
3709	7
3710	4
3711	3
3712	3
3713	3
3714	6
3715	5
3716	5
3717	10
3718	5
3719	5
3720	5
3721	6
3722	2
3723	4
3724	4
3725	4
3726	4
3727	14
3728	11
3730	5
3731	3
3732	4
3733	1
3734	1
3735	4
3736	2
3737	6
3738	3
3739	5
3740	4
3741	4
3742	4
3743	5
3744	2
3745	6
3746	3
3747	5
3748	1
3750	3
3751	4
3752	3
3753	7
3754	6
3755	5
3756	1
3757	5
3758	2
3759	6
3760	3
3761	2
3762	5
3763	3
3764	17
3765	2
3766	2
3768	2
3769	3
3770	12
3771	6
3772	5
3773	3
3774	7
3775	4
3776	2
3777	7
3778	4
3779	1
3780	5
3781	5
3782	6
3783	3
3784	5
3785	2
3786	5
3787	4
3788	2
3789	2
3790	2
3791	1
3792	4
3793	5
3794	4
3795	2
3796	3
3797	3
3798	3
3799	5
3800	6
3801	8
3802	3
3803	6
3804	7
3805	4
3806	8
3807	10
3808	2
3809	3
3810	4
3811	4
3812	2
3813	2
3814	3
3815	4
3816	3
3817	3
3818	2
3819	2
3820	2
3821	4
3822	6
3823	3
3824	127
3825	4
3826	4
3827	2
3828	4
3829	4
3830	6
3831	3
3832	6
3833	4
3834	4
3835	5
3836	3
3837	4
3838	5
3839	4
3840	3
3841	2
3842	5
3843	3
3844	7
3845	2
3846	1
3847	5
3848	4
3849	3
3850	4
3851	2
3852	1
3853	1
3854	1
3855	3
3856	4
3857	2
3858	4
3859	1
3860	5
3861	2
3862	5
3863	3
3864	8
3865	2
3866	2
3867	5
3868	2
3869	1
3870	2
3871	5
3872	2
3873	10
3874	5
3875	3
3876	7
3877	10
3878	6
3879	3
3880	5
3881	1
3882	5
3883	6
3884	7
3885	3
3886	1
3887	3
3888	5
3889	5
3890	3
3891	3
3892	2
3893	7
3894	4
3895	3
3897	3
3898	7
3899	4
3900	1
3901	2
3902	4
3903	5
3904	5
3905	8
3906	4
3907	4
3908	4
3909	7
3910	1
3911	2
3912	7
3913	5
3914	4
3915	7
3916	3
3917	3
3918	3
3919	2
3920	2
3921	6
3922	3
3923	3
3924	1
3925	5
3926	4
3927	6
3928	5
3929	9
3930	2
3931	3
3933	4
3934	2
3935	4
3936	1
3937	7
3938	1
3939	3
3940	5
3941	6
3942	3
3943	3
3944	3
3945	4
3946	2
3947	1
3948	6
3949	2
3950	3
3952	1
3953	7
3954	1
3955	3
3956	8
3957	3
3958	5
3959	1
3960	5
3961	5
3962	2
3963	6
3964	5
3965	4
3966	4
3967	8
3968	2
3969	7
3970	3
3971	7
3972	2
3973	2
3974	3
3975	3
3976	1
3977	1
3978	3
3979	3
3980	5
3981	6
3982	7
3983	4
3984	1
3985	3
3986	2
3987	7
3988	1
3989	4
3990	1
3991	3
3992	4
3993	3
3994	2
3995	4
3996	4
3997	3
3998	2
3999	6
4000	5
4001	2
4002	4
4003	12
4004	3
4005	3
4006	1
4007	5
4008	6
4009	3
4010	3
4011	5
4012	3
4013	2
4014	3
4015	3
4016	4
4017	4
4018	1
4019	5
4020	1
4021	2
4022	2
4023	4
4024	5
4025	5
4026	1
4027	4
4028	5
4029	4
4030	2
4031	1
4032	5
4033	3
4034	2
4035	3
4036	3
4037	1
4038	1
4039	4
4040	4
4041	2
4042	2
4043	4
4044	5
4045	5
4046	5
4047	2
4048	3
4049	7
4050	4
4051	3
4052	4
4053	3
4054	4
4055	3
4056	7
4057	3
4058	3
4059	3
4060	4
4061	7
4062	3
4063	6
4064	5
4065	2
4066	4
4067	3
4068	3
4069	3
4070	4
4072	6
4074	2
4075	3
4076	4
4077	3
4078	3
4079	2
4080	3
4081	5
4082	2
4083	4
4084	2
4085	4
4086	3
4087	2
4088	9
4089	2
4090	2
4091	53
4092	3
4093	4
4094	4
4095	5
4096	6
4097	2
4098	1
4099	4
4100	7
4101	3
4102	4
4103	3
4104	2
4105	3
4106	2
4107	2
4108	2
4109	3
4110	3
4111	6
4112	2
4113	3
4114	47
4115	4
4116	3
4117	3
4118	5
4119	1
4120	2
4121	12
4122	5
4123	5
4124	2
4125	3
4126	6
4127	18
4128	11
4129	8
4130	3
4131	5
4132	8
4133	1
4134	6
4135	2
4136	15
4137	8
4138	4
4139	7
4140	6
4141	4
4142	2
4143	2
4144	1
4145	4
4146	4
4147	5
4148	2
4149	1
4150	3
4151	9
4152	3
4153	3
4154	6
4155	2
4156	2
4157	2
4158	7
4159	3
4160	6
4161	7
4162	4
4163	1
4164	1
4165	4
4166	3
4167	6
4168	5
4169	3
4170	3
4171	6
4172	2
4173	4
4174	1
4175	10
4176	2
4177	11
4178	4
4179	3
4180	21
4181	8
4182	5
4183	4
4184	5
4185	2
4186	6
4187	3
4188	1
4189	6
4190	4
4191	4
4192	2
4193	1
4194	3
4195	8
4196	7
4197	4
4198	3
4199	7
4200	1
4201	3
4202	7
4203	5
4204	2
4205	5
4206	5
4207	3
4208	1
4209	3
4210	5
4211	5
4212	3
4213	1
4214	5
4215	1
4216	7
4217	1
4218	1
4219	4
4220	2
4221	8
4222	1
4223	7
4224	2
4225	6
4226	5
4227	4
4229	6
4230	5
4231	5
4232	6
4233	8
4234	9
4235	5
4236	11
4237	5
4238	2
4239	8
4240	8
4241	3
4242	3
4243	1
4244	2
4245	2
4246	6
4247	5
4248	4
4249	2
4250	6
4251	2
4252	3
4253	3
4254	1
4256	2
4257	7
4258	3
4259	1
4260	6
4261	2
4262	1
4263	3
4264	5
4265	7
4266	5
4267	7
4268	10
4269	7
4270	14
4271	7
4272	5
4273	4
4274	4
4275	5
4276	3
4277	2
4278	1
4280	3
4282	9
4283	4
4284	7
4285	26
4286	5
4287	8
4288	39
4289	1
4290	11
4292	7
4293	5
4294	5
4295	4
4296	7
4297	6
4298	4
4299	3
4300	12
4301	3
4303	4
4304	1
4305	11
4306	5
20690	1
4307	2
4308	3
4309	5
4311	2
4312	2
4313	3
4314	4
4315	6
4316	3
4317	7
4318	5
4319	1
4320	1
4321	28
4322	2
4323	6
4324	1
4325	2
4326	10
4327	5
4328	6
4329	4
4330	3
4331	2
4332	6
4333	4
4334	9
4335	12
4336	36
4337	38
4338	23
4339	14
4340	66
4341	14
4342	102
4343	9
4344	7
4345	20
4346	10
4347	36
20731	1
4348	10
4349	12
4350	12
4351	39
4352	11
4353	5
4354	8
4355	3
4356	5
4357	10
4358	9
4359	4
4360	8
4361	7
4362	17
4363	16
4364	13
4365	19
4366	60
4367	14
4368	35
4369	19
4370	13
4371	64
4372	35
4373	27
4374	69
4375	241
4376	164
4377	41
4378	85
4379	113
4380	169
4381	59
4382	19
4383	52
4384	29
4385	20
4386	42
4387	31
4388	11
4389	15
4390	31
4391	20
4392	22
4393	21
4394	30
4395	14
4396	44
4397	106
4398	56
4399	328
4400	162
4401	1510
4402	4423
4403	132
4404	504
4405	5648
4406	6
4407	1
4408	7
4409	5
4410	1
4411	6
4412	3
4413	5
4414	4
4415	2
4416	5
4417	9
20802	1
4418	3
4419	2
4420	6
4421	2
4422	3
4423	6
4424	1
4425	2
4426	2
4427	4
4428	5
4429	4
4431	2
4432	3
4433	2
4434	4
4435	3
4436	1
4437	3
4438	2
4439	3
4440	5
4441	1
4442	5
4443	3
4444	6
4445	2
4446	1
4447	2
4448	1
4449	3
4450	4
4451	3
4452	1
4453	4
4454	2
4455	2
4456	2
4457	1
4458	2
4459	8
4461	3
4462	1
4463	2
4464	7
4465	7
4466	4
4467	2
4468	7
4469	3
4470	3
4471	2
4472	2
4473	4
4474	5
4475	3
4476	4
4477	3
4478	2
4479	3
4480	3
4481	1
4482	1
4483	2
4484	3
4485	2
4486	3
4487	4
4488	1
4489	3
4491	3
4493	3
4494	6
4495	1
4496	2
4497	2
4498	1
4500	2
4501	1
4503	2
4504	4
4505	2
4506	4
4507	2
4508	3
4509	1
4510	5
4511	3
4512	4
4513	1
4514	2
4515	4
4516	5
4517	3
4520	2
4521	2
4522	9
4523	1
4524	4
4525	6
4526	2
4527	3
4528	3
4529	4
4530	4
4531	3
4532	2
4533	1
4534	5
4535	6
4536	1
4537	4
4538	4
4539	5
4540	5
4541	9
4542	7
4543	4
4544	5
4545	11
4546	3
4547	7
4548	3
4549	3
4550	3
4551	4
4552	3
4553	5
4554	4
4555	1
4556	2
4557	6
4558	6
4559	7
4560	4
4561	2
4562	8
4563	6
4564	6
4565	4
4566	1
4567	2
4568	2
4569	5
4570	4
4571	5
4572	3
4573	3
4574	8
4575	7
4576	6
4577	3
4578	1
4579	3
4580	5
4581	3
4582	5
4583	2
4584	2
4585	5
4586	2
4587	3
4588	8
4589	7
4590	11
4591	1
4592	2
4593	6
4594	3
4595	6
4596	1
4597	5
4598	2
4599	5
4600	6
4601	3
4602	4
4603	4
4604	5
4605	1
4606	5
4607	8
4608	1
4609	3
37378	1
4610	3
4611	4
4613	4
4614	1
4615	3
4616	3
4618	3
4619	4
4620	2
4622	2
4623	1
4624	5
4625	4
4626	2
4627	5
4628	3
4629	1
4630	3
4631	6
4632	2
4633	3
4634	3
4636	4
4637	2
4638	8
4639	4
4640	2
4641	4
4642	6
4643	2
4644	4
4645	8
4646	4
4647	4
4648	2
4649	2
4650	4
4651	3
4652	5
4653	1
4654	5
4655	7
4656	5
21041	1
4657	1
4658	4
4659	2
4660	4
4661	2
4662	4
4663	1
4664	4
4665	1
4666	2
4667	4
4668	3
4669	4
4670	1
4671	3
4672	3
4673	1
4674	5
4675	2
4676	1
4677	7
4678	4
4679	3
4680	2
4681	1
4682	4
4683	5
4684	2
4685	1
4686	4
4687	3
4689	2
4690	1
4691	4
4692	3
4693	2
4694	3
4695	3
4696	6
4697	3
4698	1
4699	1
4700	2
4701	2
4702	1
4703	5
4704	1
4705	1
4706	3
4708	2
4709	2
4710	4
4711	3
4712	2
4713	2
4714	2
4715	2
4716	2
4717	2
4718	1
4719	1
4720	3
4721	4
4722	3
4723	3
4725	3
4726	3
4727	5
4728	4
4730	2
4731	1
4732	3
4733	1
4734	3
4735	2
4736	2
4737	3
4738	2
4739	3
4740	2
4741	1
4742	1
4743	3
4744	2
4745	6
4746	2
4747	1
4748	4
4749	2
4750	4
4751	3
4752	2
4753	1
4754	2
4755	3
4756	1
4757	3
4758	1
4759	2
4760	2
4761	3
4762	1
4763	5
4764	4
4765	3
4766	2
4767	3
4768	1
4769	4
4770	3
4771	1
4772	2
4773	2
4774	4
4775	3
4776	2
4777	1
4778	3
4779	3
4780	2
4781	3
4783	1
4784	1
4785	3
4786	3
4787	2
4788	5
4789	3
4790	2
4792	1
4794	1
4795	3
4796	2
4797	3
4798	2
4799	1
4800	1
4801	2
4803	2
4804	1
4805	1
4806	4
4807	1
4809	1
4810	1
4811	2
4812	2
4813	2
4814	2
4815	1
4816	2
4817	2
4818	1
4819	1
4820	1
4821	4
4822	2
4823	2
4824	2
4825	1
4826	3
4827	1
4828	2
4829	2
4830	1
4832	6
4833	2
4834	4
4835	1
4836	6
4837	1
4838	4
4840	3
4841	3
4842	2
4843	4
4844	1
4845	2
4847	2
4848	4
4849	2
4850	3
4851	3
4852	1
4853	4
4854	3
4855	1
4856	2
4857	2
4858	4
4859	2
4860	5
4861	6
4862	4
4863	1
4864	2
4865	1
4866	4
4867	4
4868	2
4869	6
4870	3
4871	5
4872	5
4873	3
4874	4
4875	3
4876	11
4877	2
4878	3
4879	2
4880	3
4881	4
4882	4
4883	5
4884	6
4885	2
4886	2
4887	3
4888	6
4889	2
4890	2
4891	1
4892	3
4893	4
4894	3
4895	1
4896	3
4897	1
4898	3
21282	1
4899	1
4900	5
4901	2
4902	2
4903	5
4904	1
4906	2
4907	3
4908	2
4909	1
4910	3
4911	2
4912	2
4915	2
4916	2
4917	5
4918	1
4919	1
4921	4
4922	1
4923	1
4924	6
4925	2
4926	1
4927	3
4928	2
4929	2
4932	2
4933	2
4934	4
4935	4
4936	1
4937	3
4939	5
4940	1
4941	1
4942	1
4943	2
4944	1
4945	2
4946	2
4947	1
4948	3
4949	1
4950	1
4951	1
4952	2
4953	1
4954	2
4955	3
4957	1
4958	3
4959	3
4960	10
4961	3
4962	4
4963	2
4964	2
4965	3
4966	4
4967	5
4968	5
4969	4
4970	5
4971	4
4972	3
4973	2
4974	1
4975	7
4976	3
4977	2
4978	2
4979	1
4980	4
4981	5
4982	5
4983	2
4984	3
4985	3
4986	5
4988	4
4989	9
4990	5
4993	1
4994	2
4995	3
4996	2
4997	1
4998	4
5000	1
5001	3
5002	4
5003	3
5004	3
5005	1
5007	3
5008	2
5010	10
5011	1
5012	3
5013	2
5014	1
5015	1
5016	1
5017	10
5018	2
5019	4
5020	3
5021	3
5022	6
5023	4
5024	2
5025	1
5026	1
5027	4
5028	4
5029	1
5030	2
5031	2
5033	1
5034	2
5035	1
5038	1
5039	2
5040	2
5041	1
5042	1
5043	1
5044	3
5045	3
5046	5
5047	1
5048	2
5049	1
5050	1
5051	2
5053	1
5054	1
5055	1
5056	3
5057	1
5058	5
5060	1
5061	1
5062	3
5063	1
5064	1
5065	2
5066	1
5067	4
5068	1
5069	1
5070	2
5071	2
5073	3
5074	2
5075	4
5076	1
5077	3
5078	1
5081	2
5082	2
5083	1
5085	5
5086	1
5087	3
5088	2
5090	3
5091	1
5092	2
5093	2
5094	5
5095	3
5096	3
5097	1
5098	3
5099	3
5100	2
5101	1
5102	2
5103	4
5104	3
5105	1
5106	1
5107	1
5109	1
5110	1
5112	2
5113	1
5114	4
5115	1
5117	2
5118	2
5119	1
5120	2
5121	3
5122	4
5123	5
5124	2
5125	2
5126	4
5127	3
5128	2
5129	3
5130	1
5131	1
5133	1
5134	4
5136	1
5137	7
5139	2
5140	1
5142	1
5143	1
5144	1
5145	2
5146	2
5147	2
5148	4
5149	3
5150	2
5151	2
5152	4
5153	1
5156	3
5157	1
5158	3
5159	2
5160	4
5161	1
5162	4
5163	1
5164	1
5165	2
5166	3
5167	3
5168	2
5169	3
5170	1
5171	1
5172	1
5173	4
5174	3
5175	2
5176	2
5177	1
5178	3
5179	4
5180	3
5181	2
5182	2
5183	3
5184	3
5185	3
5186	2
5188	4
5189	5
5190	1
5191	1
5192	2
5193	1
5194	1
5195	1
5196	1
5197	2
5198	5
5199	1
5200	2
5201	4
5202	1
5203	4
5204	6
5206	5
5207	1
5208	2
5210	3
5211	1
5212	2
5213	4
5214	1
5215	1
5216	1
5217	1
5218	2
5219	1
5220	1
5221	3
5222	1
5223	1
5225	2
5226	1
5227	15
5228	1
5230	3
5232	2
5233	1
5235	1
5236	3
5237	1
5238	1
5240	3
5241	2
5242	2
5244	2
5246	3
5247	1
5249	2
5250	1
5251	1
5253	2
5254	4
5255	1
5257	2
5258	2
5259	1
5261	2
5263	1
5264	1
5265	2
5267	1
5268	1
5270	1
5271	1
5272	1
5275	1
5278	3
5279	1
5280	2
5282	1
5283	2
5285	2
5286	2
5287	1
5292	2
5293	1
5294	3
5295	1
5296	2
5307	1
5309	2
5313	1
5314	1
5315	1
5318	2
5319	2
5320	1
5321	1
5324	1
5325	3
5326	3
5327	1
5328	3
5330	1
5331	1
5332	2
5335	1
5339	1
5341	1
5342	1
5344	1
5348	1
5349	2
5351	2
5353	1
5354	2
5355	2
5356	3
5357	2
5361	3
5362	3
5363	3
5364	1
5365	1
5366	2
5368	1
5371	1
5372	1
5373	1
5374	2
5376	1
5380	2
5381	1
5382	2
5383	1
5384	1
5385	3
5387	1
5388	1
5389	1
5390	2
5391	3
5392	3
5393	3
5395	2
5396	1
5397	2
5399	1
5401	1
5403	1
5404	3
5405	2
5409	1
5410	1
5411	1
5412	2
5414	1
5415	1
5416	1
5418	2
5419	1
5422	1
5423	3
5425	1
5428	2
5429	2
5431	1
5432	3
5433	3
5434	2
5435	2
5436	2
5437	1
5438	1
5439	3
5440	2
5442	1
5443	1
5445	2
5446	3
5448	2
5449	1
5450	1
5452	2
5453	1
5455	1
5456	3
5457	1
5458	1
5461	2
5462	1
5465	2
5467	1
5468	1
5469	2
5470	2
5472	1
5473	4
5474	1
5475	3
5476	2
5477	2
5478	2
5479	2
5480	1
5481	1
5483	1
5484	1
5485	2
5486	4
5487	2
5488	4
5489	2
5490	3
5492	1
5494	1
5495	1
5497	3
5499	3
5502	5
5503	2
5504	1
5505	2
5506	1
5508	1
5509	2
5510	2
5512	1
5513	1
5514	1
5516	1
5517	2
5518	1
5519	1
5523	1
5524	1
5525	2
5526	1
5527	2
5528	1
5529	1
5530	2
5531	1
5532	1
5533	2
5534	2
5535	3
5536	1
5537	1
5538	4
5543	2
5544	2
5545	2
5547	5
5548	3
5549	1
5550	2
5551	1
5553	2
5555	2
5556	1
5557	1
5558	3
5559	60
5560	8
5561	53
5562	4
5563	1
5564	3
5566	1
5567	1
5569	2
5571	3
5572	2
5576	1
5577	1
5578	2
5579	2
5580	3
5581	2
5584	2
5585	2
5588	1
5589	1
5593	1
5594	1
5595	1
5596	1
5597	1
5599	2
5600	2
5602	2
5604	3
5605	1
5606	1
5611	2
5613	1
5614	1
5616	1
5620	2
5621	2
5623	2
5624	2
5625	1
5626	4
5627	1
5628	2
5629	1
5630	1
5632	3
5633	1
5634	1
5635	5
5636	2
5637	1
5639	2
5644	1
5646	1
5647	1
5648	1
5650	3
5651	1
5652	3
5653	1
5655	1
5658	2
5659	1
5660	1
5661	1
5663	2
5664	1
5666	1
5668	2
5671	2
5675	2
5677	2
5679	1
5680	3
5681	1
5683	1
5687	2
5689	1
5690	2
5692	2
5693	1
5694	1
5695	1
5696	2
5697	3
5699	1
5700	2
5702	2
5703	1
5704	1
5706	1
5707	2
5708	1
5712	1
5717	1
5719	1
5721	1
5723	1
5725	2
5726	1
5728	2
5730	2
5737	2
5738	1
5740	1
5747	1
5749	1
5752	1
5755	1
5757	2
5759	1
5761	1
5765	1
5766	1
5768	1
5769	1
5770	1
5772	3
5774	2
5775	1
5778	1
5779	3
5781	1
5783	1
5784	1
5785	1
5790	4
5791	1
5792	1
5794	1
5796	1
5797	1
5798	1
5804	1
5807	1
5810	3
5815	1
5816	1
5818	1
5819	2
5820	3
5822	2
5824	1
5825	1
5827	1
5828	1
5829	1
5831	1
5834	1
5835	2
5836	1
5840	1
5841	1
5845	1
5847	2
5848	1
5852	1
5853	1
5855	1
5856	1
5857	1
5860	1
5864	1
5865	1
5866	1
5867	1
5868	1
5869	1
5873	1
5874	1
5877	1
5878	1
5879	2
5886	1
5889	2
5891	1
5892	1
5894	2
5895	1
5897	1
5898	1
5899	1
5900	2
5901	1
5903	1
5904	1
5905	1
5906	1
5908	1
5909	2
5911	2
5913	2
5915	1
5917	1
5919	1
5924	1
5926	2
5928	1
5933	1
5934	2
5939	1
5940	1
5942	1
5943	2
5944	2
5946	1
5948	2
5950	2
5952	1
5958	1
5959	1
5961	1
5965	1
5966	1
5967	1
5968	1
5970	1
5971	1
5974	1
5979	2
5980	1
5984	1
5989	1
5990	1
5992	1
5994	2
5997	2
5999	1
6000	1
6001	26
6003	1
6008	2
6009	1
6014	3
6015	1
6017	3
6019	1
6022	1
6023	1
6026	1
6029	1
6030	1
6031	1
6033	1
6036	2
6037	1
6039	2
6040	1
6041	1
6042	1
6043	1
6044	1
6048	2
6053	2
6056	3
6059	1
6060	1
6061	1
6063	1
6065	1
6066	1
6070	2
6077	2
6080	1
6081	1
6082	2
6084	5
6089	3
6091	1
6094	1
6096	1
6106	1
6109	1
6111	1
6113	1
6114	1
6115	1
6116	1
6122	1
6123	1
6125	1
6128	1
6130	1
6132	1
6137	2
6138	1
6140	3
6141	1
6144	1
6146	2
6147	1
6150	1
6151	1
6157	1
6158	1
6160	1
6163	1
6164	1
6166	1
6170	1
6171	1
6172	1
6176	2
6178	1
6179	1
6181	1
6184	1
6189	1
6190	3
6191	2
6193	1
6197	1
6198	1
6199	2
6201	1
6202	2
6205	2
6206	3
6207	1
6208	1
6209	1
6217	2
6218	1
6222	1
6223	1
6229	1
6230	1
6231	1
6232	1
6234	1
6235	1
6238	1
6243	1
6247	1
6248	1
6253	1
6255	1
6258	2
6260	2
6263	1
6266	1
6268	2
6269	2
6273	1
6274	1
6275	1
6276	1
6277	1
6278	1
6280	2
6283	1
6284	2
6285	1
6286	1
6287	1
6290	1
6292	2
6295	1
6298	1
6301	1
6302	1
6305	4
6306	1
6308	1
6309	1
6310	1
6311	2
6315	2
6322	1
6324	2
6326	1
6327	1
6331	1
6332	1
6336	1
6339	1
6340	1
6341	1
6342	1
6343	1
6347	1
6348	1
6349	1
6350	2
6356	2
6357	2
6358	2
6359	2
6360	2
6361	1
6362	1
6363	1
6364	2
6368	2
6372	2
6373	1
6376	1
6378	1
6379	1
6381	1
6382	1
6386	1
6387	2
6388	2
6392	1
6395	1
6397	2
6400	1
6402	1
6405	2
6406	1
6408	1
6410	1
6412	1
6413	1
6419	1
6420	1
6421	1
6423	2
6428	2
6432	1
6433	1
6434	2
6435	1
6441	2
6443	1
6444	3
6446	1
6448	1
6449	1
6453	2
6455	1
6458	2
6465	1
6469	1
6471	1
6477	1
6479	1
6485	1
6486	1
6487	2
6493	1
6499	1
6502	1
6508	1
6509	1
6511	1
6512	1
6513	26
6516	3
6517	9
6519	2
6521	2
6524	2
6526	1
6528	1
6533	1
6541	1
6545	1
6548	4
6549	1
6551	1
6552	2
22937	1
6557	1
6558	4
6562	1
6565	1
6571	1
6572	2
6573	1
6575	1
6579	1
6580	2
6581	1
6582	1
6583	4
6586	2
6588	1
6589	1
6593	1
6595	1
6596	1
6597	1
6598	1
6599	1
6601	2
6605	1
6606	1
6608	3
6609	1
6610	1
6615	2
6617	1
6620	2
6621	1
6622	2
6623	1
6624	1
6625	1
6628	2
6629	2
6630	1
6631	5
6632	1
6633	2
6634	1
6636	2
6638	1
6639	1
6641	3
6647	2
6649	1
6651	4
6653	2
6656	1
6658	1
6659	1
6660	1
6661	1
6662	3
6663	1
6665	1
6666	2
6667	1
6669	1
6671	9
6672	1
6674	1
6675	2
6679	2
6680	1
6682	1
6683	1
6684	2
6686	2
6688	2
6689	4
6691	1
6693	2
6694	2
6695	1
6698	1
6699	1
6700	3
6702	1
6705	1
6706	1
6707	1
6710	1
6711	1
6712	1
6713	2
6714	4
6715	1
6718	1
6723	1
6724	1
6726	1
6728	1
6729	3
6731	1
6732	1
6734	1
6736	1
6737	2
6741	2
6745	2
6749	1
6750	1
6753	1
6755	1
6756	1
6759	1
6763	2
6767	1
6771	1
6772	1
6773	1
6775	1
6776	1
6778	2
6780	1
6781	8
6783	1
6786	1
6787	4
6788	1
6789	1
6790	1
6791	2
6792	1
6794	1
6795	2
6797	4
6798	13
6799	5
6800	6
6801	121
6802	4
6803	4
6804	10
6805	36
6807	1
6808	1
6809	2
6810	2
6811	4
6815	1
6817	1
6818	1
6819	1
6826	2
6828	3
6830	4
6835	1
6836	2
6837	1
6839	2
6840	3
6841	1
6843	4
6844	1
6845	1
6846	1
6848	1
6855	1
6856	1
6859	2
6861	2
6862	1
6864	4
6865	2
6866	2
6867	4
6869	1
6870	1
6871	1
6872	1
6874	1
6875	1
6876	2
6878	1
6881	1
6882	1
6883	1
6885	2
6886	2
6889	1
6890	2
6891	1
6893	2
6894	1
6895	2
6896	2
6898	4
6900	1
6901	1
6904	2
6908	1
6909	2
6910	1
6911	1
6913	1
6914	2
6915	2
6916	1
6917	2
6919	1
6920	2
6922	2
6924	7
6925	18
6926	2
6927	4
6928	3
6929	2
6931	7
6932	2
6933	1
6934	1
6935	11
6936	1
6937	2
6938	4
6939	2
6940	3
6941	4
6943	3
6945	1
6948	3
6949	3
6950	2
6951	1
6952	2
6953	12
6955	4
6956	3
6957	3
6958	12
6959	8
6960	15
6961	43
6962	9
6963	14
6964	6
6965	11
6966	16
6967	4
6968	2
6969	2
6972	3
6973	1
6974	1
6975	13
6976	18
6977	1
6978	3
6979	34
6980	3
6981	5
6983	4
6984	1
6987	4
6988	4
6990	2
6991	7
6992	2
6994	2
6995	2
6996	2
6997	5
6998	2
7000	13
7001	10
7002	1
7003	1
7004	1
7005	2
7006	2
7007	1
7008	2
7009	3
7010	3
7011	3
7012	5
7013	4
7014	1
7015	3
7016	13
7017	3
7019	2
7020	3
7021	1
7022	4
7023	3
7024	6
7025	5
7026	2
7027	5
7028	20
7029	5
7030	10
7031	13
7032	11
7033	80
7034	2
7035	2
7036	4
7037	4
7038	3
7039	9
7040	5
7041	11
7042	65
7043	6
7044	5
7045	6
7046	13
7047	17
7048	18
7049	16
7050	7
7051	45
7052	8
7053	8
7054	44
7055	4
7056	11
7057	10
7058	12
7059	14
7060	10
7061	15
7062	17
7063	33
7064	24
7065	64
7066	286
7067	202
7068	34
7069	72
7070	216
7071	193
7072	56
7073	31
7074	46
7075	29
7076	21
7077	41
7078	30
7079	17
7080	165
7081	52
7082	13
7083	20
7084	22
7085	31
7086	18
7087	50
7088	126
7089	79
7090	395
7091	160
7092	2116
7093	5684
7094	175
7095	565
7096	8135
7097	7
7098	5
7099	2
7100	1
7101	4
7102	1
7104	1
7121	1
7123	1
7129	1
7131	1
7132	1
7134	1
7138	1
7144	1
7146	2
7150	1
7151	1
7152	1
7155	1
7165	1
7166	2
7170	1
7175	2
7176	2
7179	1
7182	1
7185	1
7189	1
7190	2
7194	1
7195	1
7199	1
7209	1
7210	1
7211	1
7213	1
7217	1
7218	1
7220	1
7221	1
7223	3
7226	1
7227	2
7228	1
7231	1
7240	1
7245	1
7249	1
7254	1
7255	2
7261	1
7273	3
7281	1
7284	1
7285	1
7287	1
7288	2
7293	1
7302	3
23687	1
7303	1
7304	1
7309	1
7314	1
7319	1
7322	1
7325	1
7330	1
7331	1
7347	1
7352	1
7353	1
23742	1
7364	2
7365	3
7366	1
7377	1
7387	1
7389	1
7397	1
7400	1
7402	1
7412	1
7416	2
7419	1
7424	1
7426	1
7427	1
7429	2
7431	1
7433	1
7437	2
7440	1
7446	1
7449	1
7453	2
7459	2
7460	1
7465	1
7467	1
7470	1
7471	2
7473	1
7474	3
7478	2
7479	1
7480	2
7481	1
7483	1
7484	3
7486	1
7489	1
7492	1
7497	1
7500	2
7508	1
7509	1
7510	1
7514	1
7517	1
7519	1
7520	1
7522	1
7523	1
7526	1
7527	1
7531	1
7533	1
7534	1
7540	1
7543	1
7544	1
7546	2
7547	1
7556	1
7559	1
7563	1
7564	1
7566	1
7569	3
7571	2
7576	1
7577	1
7579	1
7581	1
7584	2
7590	1
7592	1
7594	1
7596	1
7599	1
7601	1
7608	1
7611	2
7613	1
7615	1
7618	1
7620	2
7621	1
7623	1
7627	1
7628	1
7632	1
7642	2
7645	1
7654	1
7655	1
7656	1
7664	1
7677	1
7681	2
7686	1
7691	1
7693	1
7696	1
7699	1
7703	1
7707	1
7708	1
7714	1
7718	1
7722	2
7724	1
7726	2
7728	2
7733	1
7737	1
7746	1
7748	1
7750	1
7752	2
7757	1
7763	1
7764	2
7770	1
7772	1
7774	1
7775	1
7776	2
7779	1
7782	1
7783	1
7788	1
7793	1
7797	1
7799	1
7800	1
7804	2
7810	1
7811	2
7819	2
7821	1
7823	1
7824	2
7854	5
7860	1
7861	1
7865	1
7871	1
24258	1
7879	1
7883	2
7884	1
7886	1
7888	1
7889	1
7899	1
7902	1
7908	1
7909	1
7911	1
7919	1
7923	1
7926	1
7930	1
7938	1
7944	1
7954	1
7960	2
7967	1
7971	1
7973	1
7979	1
7980	1
7984	1
7986	1
7989	1
7995	1
8000	1
8009	1
8022	1
8030	1
8031	1
8033	1
8045	1
8046	2
8047	1
8062	1
8065	2
8071	2
8075	1
8087	1
8089	1
8091	1
8092	1
8094	1
8095	1
8101	1
8102	1
8105	3
8108	2
8115	1
8116	1
8124	1
8126	1
8128	1
8131	1
8137	1
8149	1
8150	1
8158	1
8163	2
8176	1
8184	1
8187	1
8198	1
8199	1
8209	2
8211	2
8214	1
8215	1
8230	1
8233	1
8235	1
8243	1
8244	1
8245	1
8249	1
8252	1
8254	1
8256	1
8257	1
8258	1
8261	1
8263	1
8266	1
8293	1
8302	1
8313	1
8319	1
8320	1
8324	1
8325	1
8333	1
8335	1
8338	1
8340	2
8352	1
8354	1
8367	1
8370	1
8379	1
8385	1
8400	1
8403	1
8407	1
8411	1
8419	1
8425	1
8428	1
8429	1
8439	1
8440	1
8444	1
8445	2
8446	2
8449	2
8452	3
8459	1
8468	1
8477	2
8480	2
8482	1
8484	1
8487	1
8490	1
8494	1
8506	1
8508	1
8516	1
8526	1
8527	1
8536	1
8539	1
8543	1
8546	1
8549	1
8550	1
8554	1
8555	1
8558	1
8564	2
8566	2
8570	1
8572	2
8576	1
8586	2
8593	1
8595	1
8603	1
8609	1
8612	1
8615	1
8619	1
25007	1
8636	1
8642	1
8644	1
8646	1
8647	1
8648	1
8650	1
8657	1
8658	1
8661	1
8662	1
8666	1
8670	1
8673	1
8680	1
8681	2
8682	1
8685	1
8690	1
8695	1
8698	1
8703	1
8705	1
8708	1
8711	1
8716	1
8717	1
8723	1
8725	1
8727	2
8730	1
8735	1
8738	1
8744	1
8745	1
8748	1
8750	1
8751	1
8752	1
8755	1
8761	1
25145	1
8766	1
8771	3
8772	1
8778	1
8779	1
8780	1
8781	1
8782	1
8783	2
8785	1
8786	1
8787	4
8789	1
8790	1
8794	1
8795	1
8797	1
8801	1
8802	2
8803	1
8804	1
8805	1
8806	2
8807	1
8808	2
8809	1
8810	1
8814	2
8815	1
8816	1
8817	1
8818	1
8819	1
8821	2
8826	3
8830	3
8831	2
8832	1
8835	1
8836	1
8840	1
8843	2
8846	1
8847	1
8848	1
8854	2
8857	1
8860	2
8862	1
8866	1
8869	1
8874	1
8878	1
8880	1
8881	2
8882	1
8884	1
8891	1
8895	1
8899	1
8919	1
8928	1
8929	1
8934	2
8939	1
8940	1
8948	1
8950	1
8952	1
8956	1
8966	2
8969	1
8979	1
8984	1
9004	1
9007	1
9008	1
9013	1
9026	2
9029	2
9035	1
9062	1
9076	1
9079	1
9089	1
9101	1
9102	1
9103	1
9104	1
9109	1
9121	1
9124	1
9135	1
9142	1
9155	1
9158	1
9162	1
9178	1
9188	5
9190	1
9198	1
9209	1
9214	1
9222	1
9228	1
9235	1
9240	1
9249	1
9254	1
9263	1
9274	1
9285	1
9291	1
9295	1
9297	1
9298	1
9308	1
9338	1
9353	1
9377	1
9383	1
9395	1
9419	1
9427	1
9428	1
9440	1
9447	1
9452	1
9454	1
9458	1
9466	1
9467	1
9482	3
9485	1
9492	1
9504	1
9507	1
9508	1
9524	1
9531	1
9532	1
9539	1
25923	1
9541	1
9546	2
9578	1
9617	1
9618	1
9619	1
9622	1
9623	1
9625	2
9628	1
9629	1
9635	1
9636	1
9637	1
9643	1
9644	1
9651	1
9665	1
9674	1
9679	1
9698	1
9701	1
9704	1
9707	1
9710	1
9711	1
9712	1
9717	1
9720	1
9722	1
9729	1
9735	5
9739	1
9741	1
9750	1
9755	2
9758	1
9762	1
9764	1
9773	4
9775	1
9777	1
9786	1
9790	1
9791	1
9795	1
9801	1
9802	1
9808	1
9815	1
9822	1
9826	1
9836	1
9837	1
9842	1
9855	1
9856	1
9859	1
9866	1
9870	2
9875	1
9883	2
9900	1
9913	1
9939	1
9950	1
9951	1
9966	1
9991	1
9994	1
10014	1
10025	1
10030	1
10032	1
10040	1
10042	1
10043	3
10047	1
10066	1
10071	1
26518	1
10148	3
10149	7
10150	1
10151	2
10153	1
10169	3
10188	1
10205	1
10215	1
10246	2
10293	1
10295	2
10300	1
10326	1
10345	1
10346	1
10362	1
10369	1
10372	1
10390	1
10402	1
10421	26
10422	1
10425	1
10427	1
10433	1
10435	1
10438	1
10453	1
10468	2
10469	1
10470	2
10481	1
10491	1
10495	2
10498	12
10499	1
10503	3
10508	1
10510	2
10524	1
10541	1
10543	3
10544	5
10545	1
10547	9
10551	1
10554	1
10558	1
10564	1
10566	1
10572	1
10573	1
10589	1
10597	1
10598	1
26987	1
10620	4
10621	12
10622	1
10623	6
10624	33
10625	2
10626	1
27010	1
10627	1
10630	1
10633	1
10639	1
10648	1
10652	1
10683	1
10692	1
10693	1
10702	1
10725	1
10726	1
10739	1
10747	1
10749	1
10769	1
10781	1
10808	1
10813	1
10822	1
10855	1
10875	1
10884	1
10920	1
10936	1
11047	1
11074	1
11079	2
11092	1
27487	1
11118	1
11121	1
11181	1
11203	1
11254	1
11291	1
11296	1
27752	1
11455	1
11470	1
11472	1
11475	1
11501	1
28092	1
28166	1
11858	1
11862	1
28286	1
11961	1
11968	1
12000	1
12066	1
12094	1
12166	1
12177	1
12184	1
12187	1
12228	1
12232	1
28646	1
12298	2
12312	1
12357	1
12380	1
28797	1
12430	1
28815	1
12434	1
12444	1
12547	1
12562	1
12592	1
12624	1
29032	1
12704	1
12726	1
12768	1
29181	1
12869	1
12873	1
12879	1
29327	1
29336	1
13091	1
29516	1
13224	1
13423	1
13444	1
29845	1
13504	1
29906	1
13523	1
13532	1
13537	1
29979	1
13599	1
13650	1
13735	1
13751	1
13821	1
13902	1
14025	1
14042	1
14059	1
14075	1
14093	1
14123	1
30755	1
14412	1
30843	1
30863	1
14526	1
14586	1
14607	1
14690	1
14708	1
14734	1
14741	1
31127	1
14778	1
31193	1
14839	1
31524	1
15151	1
15186	1
31704	1
31832	1
15458	1
15592	1
15886	1
15958	1
16054	1
16126	1
16206	1
16208	1
32598	1
98182	1
16299	1
